--
-- PostgreSQL database dump
--

-- Dumped from database version 14.3 (Debian 14.3-1.pgdg110+1)
-- Dumped by pg_dump version 14.2

-- Started on 2023-03-14 20:40:54

SET statement_timeout = 0;
SET lock_timeout = 0;
SET idle_in_transaction_session_timeout = 0;
SET client_encoding = 'UTF8';
SET standard_conforming_strings = on;
SELECT pg_catalog.set_config('search_path', '', false);
SET check_function_bodies = false;
SET xmloption = content;
SET client_min_messages = warning;
SET row_security = off;

--
-- TOC entry 3 (class 2615 OID 2200)
-- Name: public; Type: SCHEMA; Schema: -; Owner: postgres
--

CREATE SCHEMA public;


ALTER SCHEMA public OWNER TO postgres;

--
-- TOC entry 3471 (class 0 OID 0)
-- Dependencies: 3
-- Name: SCHEMA public; Type: COMMENT; Schema: -; Owner: postgres
--

COMMENT ON SCHEMA public IS 'standard public schema';


SET default_tablespace = '';

SET default_table_access_method = heap;

--
-- TOC entry 217 (class 1259 OID 33201)
-- Name: auth_group; Type: TABLE; Schema: public; Owner: postgres
--

CREATE TABLE public.auth_group (
    id integer NOT NULL,
    name character varying(150) NOT NULL
);


ALTER TABLE public.auth_group OWNER TO postgres;

--
-- TOC entry 216 (class 1259 OID 33200)
-- Name: auth_group_id_seq; Type: SEQUENCE; Schema: public; Owner: postgres
--

ALTER TABLE public.auth_group ALTER COLUMN id ADD GENERATED BY DEFAULT AS IDENTITY (
    SEQUENCE NAME public.auth_group_id_seq
    START WITH 1
    INCREMENT BY 1
    NO MINVALUE
    NO MAXVALUE
    CACHE 1
);


--
-- TOC entry 219 (class 1259 OID 33209)
-- Name: auth_group_permissions; Type: TABLE; Schema: public; Owner: postgres
--

CREATE TABLE public.auth_group_permissions (
    id bigint NOT NULL,
    group_id integer NOT NULL,
    permission_id integer NOT NULL
);


ALTER TABLE public.auth_group_permissions OWNER TO postgres;

--
-- TOC entry 218 (class 1259 OID 33208)
-- Name: auth_group_permissions_id_seq; Type: SEQUENCE; Schema: public; Owner: postgres
--

ALTER TABLE public.auth_group_permissions ALTER COLUMN id ADD GENERATED BY DEFAULT AS IDENTITY (
    SEQUENCE NAME public.auth_group_permissions_id_seq
    START WITH 1
    INCREMENT BY 1
    NO MINVALUE
    NO MAXVALUE
    CACHE 1
);


--
-- TOC entry 215 (class 1259 OID 33195)
-- Name: auth_permission; Type: TABLE; Schema: public; Owner: postgres
--

CREATE TABLE public.auth_permission (
    id integer NOT NULL,
    name character varying(255) NOT NULL,
    content_type_id integer NOT NULL,
    codename character varying(100) NOT NULL
);


ALTER TABLE public.auth_permission OWNER TO postgres;

--
-- TOC entry 214 (class 1259 OID 33194)
-- Name: auth_permission_id_seq; Type: SEQUENCE; Schema: public; Owner: postgres
--

ALTER TABLE public.auth_permission ALTER COLUMN id ADD GENERATED BY DEFAULT AS IDENTITY (
    SEQUENCE NAME public.auth_permission_id_seq
    START WITH 1
    INCREMENT BY 1
    NO MINVALUE
    NO MAXVALUE
    CACHE 1
);


--
-- TOC entry 233 (class 1259 OID 33337)
-- Name: django_admin_log; Type: TABLE; Schema: public; Owner: postgres
--

CREATE TABLE public.django_admin_log (
    id integer NOT NULL,
    action_time timestamp with time zone NOT NULL,
    object_id text,
    object_repr character varying(200) NOT NULL,
    action_flag smallint NOT NULL,
    change_message text NOT NULL,
    content_type_id integer,
    user_id bigint NOT NULL,
    CONSTRAINT django_admin_log_action_flag_check CHECK ((action_flag >= 0))
);


ALTER TABLE public.django_admin_log OWNER TO postgres;

--
-- TOC entry 232 (class 1259 OID 33336)
-- Name: django_admin_log_id_seq; Type: SEQUENCE; Schema: public; Owner: postgres
--

ALTER TABLE public.django_admin_log ALTER COLUMN id ADD GENERATED BY DEFAULT AS IDENTITY (
    SEQUENCE NAME public.django_admin_log_id_seq
    START WITH 1
    INCREMENT BY 1
    NO MINVALUE
    NO MAXVALUE
    CACHE 1
);


--
-- TOC entry 212 (class 1259 OID 16393)
-- Name: django_content_type; Type: TABLE; Schema: public; Owner: postgres
--

CREATE TABLE public.django_content_type (
    id integer NOT NULL,
    app_label character varying(100) NOT NULL,
    model character varying(100) NOT NULL
);


ALTER TABLE public.django_content_type OWNER TO postgres;

--
-- TOC entry 211 (class 1259 OID 16392)
-- Name: django_content_type_id_seq; Type: SEQUENCE; Schema: public; Owner: postgres
--

ALTER TABLE public.django_content_type ALTER COLUMN id ADD GENERATED BY DEFAULT AS IDENTITY (
    SEQUENCE NAME public.django_content_type_id_seq
    START WITH 1
    INCREMENT BY 1
    NO MINVALUE
    NO MAXVALUE
    CACHE 1
);


--
-- TOC entry 210 (class 1259 OID 16385)
-- Name: django_migrations; Type: TABLE; Schema: public; Owner: postgres
--

CREATE TABLE public.django_migrations (
    id bigint NOT NULL,
    app character varying(255) NOT NULL,
    name character varying(255) NOT NULL,
    applied timestamp with time zone NOT NULL
);


ALTER TABLE public.django_migrations OWNER TO postgres;

--
-- TOC entry 209 (class 1259 OID 16384)
-- Name: django_migrations_id_seq; Type: SEQUENCE; Schema: public; Owner: postgres
--

ALTER TABLE public.django_migrations ALTER COLUMN id ADD GENERATED BY DEFAULT AS IDENTITY (
    SEQUENCE NAME public.django_migrations_id_seq
    START WITH 1
    INCREMENT BY 1
    NO MINVALUE
    NO MAXVALUE
    CACHE 1
);


--
-- TOC entry 213 (class 1259 OID 16521)
-- Name: django_session; Type: TABLE; Schema: public; Owner: postgres
--

CREATE TABLE public.django_session (
    session_key character varying(40) NOT NULL,
    session_data text NOT NULL,
    expire_date timestamp with time zone NOT NULL
);


ALTER TABLE public.django_session OWNER TO postgres;

--
-- TOC entry 221 (class 1259 OID 33241)
-- Name: service_author; Type: TABLE; Schema: public; Owner: postgres
--

CREATE TABLE public.service_author (
    id bigint NOT NULL,
    first_name character varying(20) NOT NULL,
    last_name character varying(20) NOT NULL,
    foto character varying(100) NOT NULL,
    created_at timestamp with time zone NOT NULL,
    updated_at timestamp with time zone NOT NULL
);


ALTER TABLE public.service_author OWNER TO postgres;

--
-- TOC entry 220 (class 1259 OID 33240)
-- Name: service_author_id_seq; Type: SEQUENCE; Schema: public; Owner: postgres
--

ALTER TABLE public.service_author ALTER COLUMN id ADD GENERATED BY DEFAULT AS IDENTITY (
    SEQUENCE NAME public.service_author_id_seq
    START WITH 1
    INCREMENT BY 1
    NO MINVALUE
    NO MAXVALUE
    CACHE 1
);


--
-- TOC entry 223 (class 1259 OID 33247)
-- Name: service_book; Type: TABLE; Schema: public; Owner: postgres
--

CREATE TABLE public.service_book (
    id bigint NOT NULL,
    name character varying(100) NOT NULL,
    description text NOT NULL,
    pages_count integer NOT NULL,
    books_count integer NOT NULL,
    created_at timestamp with time zone NOT NULL,
    updated_at timestamp with time zone NOT NULL,
    author_id bigint NOT NULL,
    CONSTRAINT service_book_books_count_check CHECK ((books_count >= 0)),
    CONSTRAINT service_book_pages_count_check CHECK ((pages_count >= 0))
);


ALTER TABLE public.service_book OWNER TO postgres;

--
-- TOC entry 222 (class 1259 OID 33246)
-- Name: service_book_id_seq; Type: SEQUENCE; Schema: public; Owner: postgres
--

ALTER TABLE public.service_book ALTER COLUMN id ADD GENERATED BY DEFAULT AS IDENTITY (
    SEQUENCE NAME public.service_book_id_seq
    START WITH 1
    INCREMENT BY 1
    NO MINVALUE
    NO MAXVALUE
    CACHE 1
);


--
-- TOC entry 225 (class 1259 OID 33257)
-- Name: service_customer; Type: TABLE; Schema: public; Owner: postgres
--

CREATE TABLE public.service_customer (
    id bigint NOT NULL,
    password character varying(128) NOT NULL,
    last_login timestamp with time zone,
    is_superuser boolean NOT NULL,
    username character varying(150) NOT NULL,
    first_name character varying(150) NOT NULL,
    last_name character varying(150) NOT NULL,
    email character varying(254) NOT NULL,
    is_staff boolean NOT NULL,
    is_active boolean NOT NULL,
    date_joined timestamp with time zone NOT NULL,
    phone character varying(16) NOT NULL,
    updated_at timestamp with time zone NOT NULL
);


ALTER TABLE public.service_customer OWNER TO postgres;

--
-- TOC entry 227 (class 1259 OID 33269)
-- Name: service_customer_active_books; Type: TABLE; Schema: public; Owner: postgres
--

CREATE TABLE public.service_customer_active_books (
    id bigint NOT NULL,
    customer_id bigint NOT NULL,
    book_id bigint NOT NULL
);


ALTER TABLE public.service_customer_active_books OWNER TO postgres;

--
-- TOC entry 226 (class 1259 OID 33268)
-- Name: service_customer_active_books_id_seq; Type: SEQUENCE; Schema: public; Owner: postgres
--

ALTER TABLE public.service_customer_active_books ALTER COLUMN id ADD GENERATED BY DEFAULT AS IDENTITY (
    SEQUENCE NAME public.service_customer_active_books_id_seq
    START WITH 1
    INCREMENT BY 1
    NO MINVALUE
    NO MAXVALUE
    CACHE 1
);


--
-- TOC entry 229 (class 1259 OID 33275)
-- Name: service_customer_groups; Type: TABLE; Schema: public; Owner: postgres
--

CREATE TABLE public.service_customer_groups (
    id bigint NOT NULL,
    customer_id bigint NOT NULL,
    group_id integer NOT NULL
);


ALTER TABLE public.service_customer_groups OWNER TO postgres;

--
-- TOC entry 228 (class 1259 OID 33274)
-- Name: service_customer_groups_id_seq; Type: SEQUENCE; Schema: public; Owner: postgres
--

ALTER TABLE public.service_customer_groups ALTER COLUMN id ADD GENERATED BY DEFAULT AS IDENTITY (
    SEQUENCE NAME public.service_customer_groups_id_seq
    START WITH 1
    INCREMENT BY 1
    NO MINVALUE
    NO MAXVALUE
    CACHE 1
);


--
-- TOC entry 224 (class 1259 OID 33256)
-- Name: service_customer_id_seq; Type: SEQUENCE; Schema: public; Owner: postgres
--

ALTER TABLE public.service_customer ALTER COLUMN id ADD GENERATED BY DEFAULT AS IDENTITY (
    SEQUENCE NAME public.service_customer_id_seq
    START WITH 1
    INCREMENT BY 1
    NO MINVALUE
    NO MAXVALUE
    CACHE 1
);


--
-- TOC entry 231 (class 1259 OID 33281)
-- Name: service_customer_user_permissions; Type: TABLE; Schema: public; Owner: postgres
--

CREATE TABLE public.service_customer_user_permissions (
    id bigint NOT NULL,
    customer_id bigint NOT NULL,
    permission_id integer NOT NULL
);


ALTER TABLE public.service_customer_user_permissions OWNER TO postgres;

--
-- TOC entry 230 (class 1259 OID 33280)
-- Name: service_customer_user_permissions_id_seq; Type: SEQUENCE; Schema: public; Owner: postgres
--

ALTER TABLE public.service_customer_user_permissions ALTER COLUMN id ADD GENERATED BY DEFAULT AS IDENTITY (
    SEQUENCE NAME public.service_customer_user_permissions_id_seq
    START WITH 1
    INCREMENT BY 1
    NO MINVALUE
    NO MAXVALUE
    CACHE 1
);


--
-- TOC entry 3449 (class 0 OID 33201)
-- Dependencies: 217
-- Data for Name: auth_group; Type: TABLE DATA; Schema: public; Owner: postgres
--



--
-- TOC entry 3451 (class 0 OID 33209)
-- Dependencies: 219
-- Data for Name: auth_group_permissions; Type: TABLE DATA; Schema: public; Owner: postgres
--



--
-- TOC entry 3447 (class 0 OID 33195)
-- Dependencies: 215
-- Data for Name: auth_permission; Type: TABLE DATA; Schema: public; Owner: postgres
--

INSERT INTO public.auth_permission VALUES (1, 'Can add log entry', 1, 'add_logentry');
INSERT INTO public.auth_permission VALUES (2, 'Can change log entry', 1, 'change_logentry');
INSERT INTO public.auth_permission VALUES (3, 'Can delete log entry', 1, 'delete_logentry');
INSERT INTO public.auth_permission VALUES (4, 'Can view log entry', 1, 'view_logentry');
INSERT INTO public.auth_permission VALUES (5, 'Can add permission', 2, 'add_permission');
INSERT INTO public.auth_permission VALUES (6, 'Can change permission', 2, 'change_permission');
INSERT INTO public.auth_permission VALUES (7, 'Can delete permission', 2, 'delete_permission');
INSERT INTO public.auth_permission VALUES (8, 'Can view permission', 2, 'view_permission');
INSERT INTO public.auth_permission VALUES (9, 'Can add group', 3, 'add_group');
INSERT INTO public.auth_permission VALUES (10, 'Can change group', 3, 'change_group');
INSERT INTO public.auth_permission VALUES (11, 'Can delete group', 3, 'delete_group');
INSERT INTO public.auth_permission VALUES (12, 'Can view group', 3, 'view_group');
INSERT INTO public.auth_permission VALUES (13, 'Can add content type', 5, 'add_contenttype');
INSERT INTO public.auth_permission VALUES (14, 'Can change content type', 5, 'change_contenttype');
INSERT INTO public.auth_permission VALUES (15, 'Can delete content type', 5, 'delete_contenttype');
INSERT INTO public.auth_permission VALUES (16, 'Can view content type', 5, 'view_contenttype');
INSERT INTO public.auth_permission VALUES (17, 'Can add session', 6, 'add_session');
INSERT INTO public.auth_permission VALUES (18, 'Can change session', 6, 'change_session');
INSERT INTO public.auth_permission VALUES (19, 'Can delete session', 6, 'delete_session');
INSERT INTO public.auth_permission VALUES (20, 'Can view session', 6, 'view_session');
INSERT INTO public.auth_permission VALUES (21, 'Can add Автор', 8, 'add_author');
INSERT INTO public.auth_permission VALUES (22, 'Can change Автор', 8, 'change_author');
INSERT INTO public.auth_permission VALUES (23, 'Can delete Автор', 8, 'delete_author');
INSERT INTO public.auth_permission VALUES (24, 'Can view Автор', 8, 'view_author');
INSERT INTO public.auth_permission VALUES (25, 'Can add Книга', 9, 'add_book');
INSERT INTO public.auth_permission VALUES (26, 'Can change Книга', 9, 'change_book');
INSERT INTO public.auth_permission VALUES (27, 'Can delete Книга', 9, 'delete_book');
INSERT INTO public.auth_permission VALUES (28, 'Can view Книга', 9, 'view_book');
INSERT INTO public.auth_permission VALUES (29, 'Can add Читатель', 7, 'add_customer');
INSERT INTO public.auth_permission VALUES (30, 'Can change Читатель', 7, 'change_customer');
INSERT INTO public.auth_permission VALUES (31, 'Can delete Читатель', 7, 'delete_customer');
INSERT INTO public.auth_permission VALUES (32, 'Can view Читатель', 7, 'view_customer');


--
-- TOC entry 3465 (class 0 OID 33337)
-- Dependencies: 233
-- Data for Name: django_admin_log; Type: TABLE DATA; Schema: public; Owner: postgres
--

INSERT INTO public.django_admin_log VALUES (1, '2023-03-14 13:56:16.933677+00', '1', 'admin', 2, '[{"changed": {"fields": ["First name", "\u0422\u0435\u043b\u0435\u0444\u043e\u043d"]}}]', 7, 1);
INSERT INTO public.django_admin_log VALUES (2, '2023-03-14 16:29:40.153619+00', '4', 'user3', 2, '[{"changed": {"fields": ["First name", "Last name"]}}]', 7, 1);


--
-- TOC entry 3444 (class 0 OID 16393)
-- Dependencies: 212
-- Data for Name: django_content_type; Type: TABLE DATA; Schema: public; Owner: postgres
--

INSERT INTO public.django_content_type VALUES (1, 'admin', 'logentry');
INSERT INTO public.django_content_type VALUES (2, 'auth', 'permission');
INSERT INTO public.django_content_type VALUES (3, 'auth', 'group');
INSERT INTO public.django_content_type VALUES (4, 'auth', 'user');
INSERT INTO public.django_content_type VALUES (5, 'contenttypes', 'contenttype');
INSERT INTO public.django_content_type VALUES (6, 'sessions', 'session');
INSERT INTO public.django_content_type VALUES (7, 'service', 'customer');
INSERT INTO public.django_content_type VALUES (8, 'service', 'author');
INSERT INTO public.django_content_type VALUES (9, 'service', 'book');


--
-- TOC entry 3442 (class 0 OID 16385)
-- Dependencies: 210
-- Data for Name: django_migrations; Type: TABLE DATA; Schema: public; Owner: postgres
--

INSERT INTO public.django_migrations VALUES (1, 'contenttypes', '0001_initial', '2023-02-15 17:59:29.16793+00');
INSERT INTO public.django_migrations VALUES (6, 'contenttypes', '0002_remove_content_type_name', '2023-02-15 17:59:29.970851+00');
INSERT INTO public.django_migrations VALUES (18, 'sessions', '0001_initial', '2023-02-15 17:59:30.554436+00');
INSERT INTO public.django_migrations VALUES (39, 'auth', '0001_initial', '2023-03-14 13:23:09.99353+00');
INSERT INTO public.django_migrations VALUES (40, 'auth', '0002_alter_permission_name_max_length', '2023-03-14 13:23:10.029529+00');
INSERT INTO public.django_migrations VALUES (41, 'auth', '0003_alter_user_email_max_length', '2023-03-14 13:23:10.066532+00');
INSERT INTO public.django_migrations VALUES (42, 'auth', '0004_alter_user_username_opts', '2023-03-14 13:23:10.09953+00');
INSERT INTO public.django_migrations VALUES (43, 'auth', '0005_alter_user_last_login_null', '2023-03-14 13:23:10.137544+00');
INSERT INTO public.django_migrations VALUES (44, 'auth', '0006_require_contenttypes_0002', '2023-03-14 13:23:10.173544+00');
INSERT INTO public.django_migrations VALUES (45, 'auth', '0007_alter_validators_add_error_messages', '2023-03-14 13:23:10.207533+00');
INSERT INTO public.django_migrations VALUES (46, 'auth', '0008_alter_user_username_max_length', '2023-03-14 13:23:10.240535+00');
INSERT INTO public.django_migrations VALUES (47, 'auth', '0009_alter_user_last_name_max_length', '2023-03-14 13:23:10.274536+00');
INSERT INTO public.django_migrations VALUES (48, 'auth', '0010_alter_group_name_max_length', '2023-03-14 13:23:10.345532+00');
INSERT INTO public.django_migrations VALUES (49, 'auth', '0011_update_proxy_permissions', '2023-03-14 13:23:10.380531+00');
INSERT INTO public.django_migrations VALUES (50, 'auth', '0012_alter_user_first_name_max_length', '2023-03-14 13:23:10.425531+00');
INSERT INTO public.django_migrations VALUES (51, 'service', '0001_initial', '2023-03-14 13:23:10.948535+00');
INSERT INTO public.django_migrations VALUES (52, 'admin', '0001_initial', '2023-03-14 13:23:11.102536+00');
INSERT INTO public.django_migrations VALUES (53, 'admin', '0002_logentry_remove_auto_add', '2023-03-14 13:23:11.148527+00');
INSERT INTO public.django_migrations VALUES (54, 'admin', '0003_logentry_add_action_flag_choices', '2023-03-14 13:23:11.195533+00');


--
-- TOC entry 3445 (class 0 OID 16521)
-- Dependencies: 213
-- Data for Name: django_session; Type: TABLE DATA; Schema: public; Owner: postgres
--

INSERT INTO public.django_session VALUES ('45yjuh64ik72zpkly22jnr2w4z09jo3e', '.eJxVjDsOwjAQBe_iGln-JjYlPWewdtdrHECOFCcV4u4QKQW0b2beSyTY1pq2zkuasjgLLU6_GwI9uO0g36HdZklzW5cJ5a7Ig3Z5nTM_L4f7d1Ch12_NXtuILuKgPKItPPpgFNBoVDEG7ZAxWvDZYwhEXJiQHDub0WpwhsX7A-vAOLE:1pSM6p:onO56EJm0hctOV5867SliAtqig8tzlRy5kIxwABHA1E', '2023-03-01 18:02:23.349783+00');
INSERT INTO public.django_session VALUES ('0ponv6sm7jy7sxq61tzpy996n2hfzzhe', '.eJxVjDsOwjAQBe_iGln-rrOU9DmDtbYXHECOFCcV4u4QKQW0b2beS0Ta1hq3zkucijgLLU6_W6L84LaDcqd2m2We27pMSe6KPGiX41z4eTncv4NKvX5r44qHoMkr7zJoqyxY54MiTN6ZAIygmbW5OjuAt8yIhjEpm3lAyijeH50vNpI:1pc4zu:9x416sZNzTlwva0E4k2FyvDbNvKotYBF2RSa7LOZmM0', '2023-03-28 13:47:26.602387+00');


--
-- TOC entry 3453 (class 0 OID 33241)
-- Dependencies: 221
-- Data for Name: service_author; Type: TABLE DATA; Schema: public; Owner: postgres
--

INSERT INTO public.service_author VALUES (1, 'Иван', 'Иванов', '', '2023-03-14 13:24:53.976566+00', '2023-03-14 13:24:53.976566+00');
INSERT INTO public.service_author VALUES (2, 'Петр', 'Мамонов', '', '2023-03-14 15:26:04.803844+00', '2023-03-14 15:26:04.803844+00');
INSERT INTO public.service_author VALUES (3, 'Роберт', 'Макки', '', '2023-03-14 17:00:57.741236+00', '2023-03-14 17:00:57.741236+00');


--
-- TOC entry 3455 (class 0 OID 33247)
-- Dependencies: 223
-- Data for Name: service_book; Type: TABLE DATA; Schema: public; Owner: postgres
--

INSERT INTO public.service_book VALUES (4, 'Колесо', 'Фантастика', 204, 3, '2023-03-14 16:54:26.240427+00', '2023-03-14 16:54:26.240427+00', 2);
INSERT INTO public.service_book VALUES (5, 'Облака', 'Детская', 77, 3, '2023-03-14 16:55:01.028331+00', '2023-03-14 16:58:24.425762+00', 1);
INSERT INTO public.service_book VALUES (1, 'Journey', 'Travel', 123, 3, '2023-03-14 16:50:53.433022+00', '2023-03-14 17:04:04.030881+00', 1);
INSERT INTO public.service_book VALUES (2, 'Мозг', 'Психология', 123, 3, '2023-03-14 16:53:07.401789+00', '2023-03-14 17:04:04.046862+00', 2);
INSERT INTO public.service_book VALUES (3, 'Игры разума', 'Фантастика', 123, 3, '2023-03-14 16:53:47.627773+00', '2023-03-14 17:04:04.057873+00', 1);


--
-- TOC entry 3457 (class 0 OID 33257)
-- Dependencies: 225
-- Data for Name: service_customer; Type: TABLE DATA; Schema: public; Owner: postgres
--

INSERT INTO public.service_customer VALUES (1, 'pbkdf2_sha256$390000$UnN0IrsM0bj27OGUJvDjeF$szBHOYrmkoEh0ky7u73fVYCH//U428EJtrXsw6oLNeI=', '2023-03-14 13:47:26+00', true, 'admin', 'Евгений', '', '', true, true, '2023-03-14 13:46:48+00', '79998887766', '2023-03-14 13:56:16.892681+00');
INSERT INTO public.service_customer VALUES (5, 'pbkdf2_sha256$390000$7ggQA5vU1RtY4IhsX9tPAe$qf2eb0G0uwu+/iTI0uuxpktF03inc8QdBb2kIHjWL1U=', NULL, false, 'user1', '', '', '', true, true, '2023-03-14 16:38:41.505413+00', '79005554431', '2023-03-14 16:41:09.555759+00');
INSERT INTO public.service_customer VALUES (8, 'pbkdf2_sha256$390000$0tcRQu2wn3T1egIsgT2CTc$UW0PgAL56JdE98lxnjijEvHewPFx2+bClnbBEVYgD8E=', NULL, false, 'user3', '', '', '', false, true, '2023-03-14 16:42:52.416451+00', '79005554433', '2023-03-14 16:42:53.171439+00');
INSERT INTO public.service_customer VALUES (6, 'pbkdf2_sha256$390000$e8beBkEGlO6RNNhE15UJJU$/C844oHMy0XsosHWeZ94DFVlxw+unRmT36kNlcasbqc=', NULL, false, 'user2', 'Сергей', '', '', false, true, '2023-03-14 16:42:14.770146+00', '79005554432', '2023-03-14 17:04:04.078877+00');


--
-- TOC entry 3459 (class 0 OID 33269)
-- Dependencies: 227
-- Data for Name: service_customer_active_books; Type: TABLE DATA; Schema: public; Owner: postgres
--



--
-- TOC entry 3461 (class 0 OID 33275)
-- Dependencies: 229
-- Data for Name: service_customer_groups; Type: TABLE DATA; Schema: public; Owner: postgres
--



--
-- TOC entry 3463 (class 0 OID 33281)
-- Dependencies: 231
-- Data for Name: service_customer_user_permissions; Type: TABLE DATA; Schema: public; Owner: postgres
--



--
-- TOC entry 3472 (class 0 OID 0)
-- Dependencies: 216
-- Name: auth_group_id_seq; Type: SEQUENCE SET; Schema: public; Owner: postgres
--

SELECT pg_catalog.setval('public.auth_group_id_seq', 1, false);


--
-- TOC entry 3473 (class 0 OID 0)
-- Dependencies: 218
-- Name: auth_group_permissions_id_seq; Type: SEQUENCE SET; Schema: public; Owner: postgres
--

SELECT pg_catalog.setval('public.auth_group_permissions_id_seq', 1, false);


--
-- TOC entry 3474 (class 0 OID 0)
-- Dependencies: 214
-- Name: auth_permission_id_seq; Type: SEQUENCE SET; Schema: public; Owner: postgres
--

SELECT pg_catalog.setval('public.auth_permission_id_seq', 32, true);


--
-- TOC entry 3475 (class 0 OID 0)
-- Dependencies: 232
-- Name: django_admin_log_id_seq; Type: SEQUENCE SET; Schema: public; Owner: postgres
--

SELECT pg_catalog.setval('public.django_admin_log_id_seq', 2, true);


--
-- TOC entry 3476 (class 0 OID 0)
-- Dependencies: 211
-- Name: django_content_type_id_seq; Type: SEQUENCE SET; Schema: public; Owner: postgres
--

SELECT pg_catalog.setval('public.django_content_type_id_seq', 9, true);


--
-- TOC entry 3477 (class 0 OID 0)
-- Dependencies: 209
-- Name: django_migrations_id_seq; Type: SEQUENCE SET; Schema: public; Owner: postgres
--

SELECT pg_catalog.setval('public.django_migrations_id_seq', 54, true);


--
-- TOC entry 3478 (class 0 OID 0)
-- Dependencies: 220
-- Name: service_author_id_seq; Type: SEQUENCE SET; Schema: public; Owner: postgres
--

SELECT pg_catalog.setval('public.service_author_id_seq', 3, true);


--
-- TOC entry 3479 (class 0 OID 0)
-- Dependencies: 222
-- Name: service_book_id_seq; Type: SEQUENCE SET; Schema: public; Owner: postgres
--

SELECT pg_catalog.setval('public.service_book_id_seq', 5, true);


--
-- TOC entry 3480 (class 0 OID 0)
-- Dependencies: 226
-- Name: service_customer_active_books_id_seq; Type: SEQUENCE SET; Schema: public; Owner: postgres
--

SELECT pg_catalog.setval('public.service_customer_active_books_id_seq', 3, true);


--
-- TOC entry 3481 (class 0 OID 0)
-- Dependencies: 228
-- Name: service_customer_groups_id_seq; Type: SEQUENCE SET; Schema: public; Owner: postgres
--

SELECT pg_catalog.setval('public.service_customer_groups_id_seq', 1, false);


--
-- TOC entry 3482 (class 0 OID 0)
-- Dependencies: 224
-- Name: service_customer_id_seq; Type: SEQUENCE SET; Schema: public; Owner: postgres
--

SELECT pg_catalog.setval('public.service_customer_id_seq', 8, true);


--
-- TOC entry 3483 (class 0 OID 0)
-- Dependencies: 230
-- Name: service_customer_user_permissions_id_seq; Type: SEQUENCE SET; Schema: public; Owner: postgres
--

SELECT pg_catalog.setval('public.service_customer_user_permissions_id_seq', 1, false);


--
-- TOC entry 3246 (class 2606 OID 33238)
-- Name: auth_group auth_group_name_key; Type: CONSTRAINT; Schema: public; Owner: postgres
--

ALTER TABLE ONLY public.auth_group
    ADD CONSTRAINT auth_group_name_key UNIQUE (name);


--
-- TOC entry 3251 (class 2606 OID 33224)
-- Name: auth_group_permissions auth_group_permissions_group_id_permission_id_0cd325b0_uniq; Type: CONSTRAINT; Schema: public; Owner: postgres
--

ALTER TABLE ONLY public.auth_group_permissions
    ADD CONSTRAINT auth_group_permissions_group_id_permission_id_0cd325b0_uniq UNIQUE (group_id, permission_id);


--
-- TOC entry 3254 (class 2606 OID 33213)
-- Name: auth_group_permissions auth_group_permissions_pkey; Type: CONSTRAINT; Schema: public; Owner: postgres
--

ALTER TABLE ONLY public.auth_group_permissions
    ADD CONSTRAINT auth_group_permissions_pkey PRIMARY KEY (id);


--
-- TOC entry 3248 (class 2606 OID 33205)
-- Name: auth_group auth_group_pkey; Type: CONSTRAINT; Schema: public; Owner: postgres
--

ALTER TABLE ONLY public.auth_group
    ADD CONSTRAINT auth_group_pkey PRIMARY KEY (id);


--
-- TOC entry 3241 (class 2606 OID 33215)
-- Name: auth_permission auth_permission_content_type_id_codename_01ab375a_uniq; Type: CONSTRAINT; Schema: public; Owner: postgres
--

ALTER TABLE ONLY public.auth_permission
    ADD CONSTRAINT auth_permission_content_type_id_codename_01ab375a_uniq UNIQUE (content_type_id, codename);


--
-- TOC entry 3243 (class 2606 OID 33199)
-- Name: auth_permission auth_permission_pkey; Type: CONSTRAINT; Schema: public; Owner: postgres
--

ALTER TABLE ONLY public.auth_permission
    ADD CONSTRAINT auth_permission_pkey PRIMARY KEY (id);


--
-- TOC entry 3288 (class 2606 OID 33344)
-- Name: django_admin_log django_admin_log_pkey; Type: CONSTRAINT; Schema: public; Owner: postgres
--

ALTER TABLE ONLY public.django_admin_log
    ADD CONSTRAINT django_admin_log_pkey PRIMARY KEY (id);


--
-- TOC entry 3232 (class 2606 OID 16399)
-- Name: django_content_type django_content_type_app_label_model_76bd3d3b_uniq; Type: CONSTRAINT; Schema: public; Owner: postgres
--

ALTER TABLE ONLY public.django_content_type
    ADD CONSTRAINT django_content_type_app_label_model_76bd3d3b_uniq UNIQUE (app_label, model);


--
-- TOC entry 3234 (class 2606 OID 16397)
-- Name: django_content_type django_content_type_pkey; Type: CONSTRAINT; Schema: public; Owner: postgres
--

ALTER TABLE ONLY public.django_content_type
    ADD CONSTRAINT django_content_type_pkey PRIMARY KEY (id);


--
-- TOC entry 3230 (class 2606 OID 16391)
-- Name: django_migrations django_migrations_pkey; Type: CONSTRAINT; Schema: public; Owner: postgres
--

ALTER TABLE ONLY public.django_migrations
    ADD CONSTRAINT django_migrations_pkey PRIMARY KEY (id);


--
-- TOC entry 3237 (class 2606 OID 16527)
-- Name: django_session django_session_pkey; Type: CONSTRAINT; Schema: public; Owner: postgres
--

ALTER TABLE ONLY public.django_session
    ADD CONSTRAINT django_session_pkey PRIMARY KEY (session_key);


--
-- TOC entry 3256 (class 2606 OID 33245)
-- Name: service_author service_author_pkey; Type: CONSTRAINT; Schema: public; Owner: postgres
--

ALTER TABLE ONLY public.service_author
    ADD CONSTRAINT service_author_pkey PRIMARY KEY (id);


--
-- TOC entry 3259 (class 2606 OID 33255)
-- Name: service_book service_book_pkey; Type: CONSTRAINT; Schema: public; Owner: postgres
--

ALTER TABLE ONLY public.service_book
    ADD CONSTRAINT service_book_pkey PRIMARY KEY (id);


--
-- TOC entry 3271 (class 2606 OID 33295)
-- Name: service_customer_active_books service_customer_active_books_customer_id_book_id_b82281b1_uniq; Type: CONSTRAINT; Schema: public; Owner: postgres
--

ALTER TABLE ONLY public.service_customer_active_books
    ADD CONSTRAINT service_customer_active_books_customer_id_book_id_b82281b1_uniq UNIQUE (customer_id, book_id);


--
-- TOC entry 3273 (class 2606 OID 33273)
-- Name: service_customer_active_books service_customer_active_books_pkey; Type: CONSTRAINT; Schema: public; Owner: postgres
--

ALTER TABLE ONLY public.service_customer_active_books
    ADD CONSTRAINT service_customer_active_books_pkey PRIMARY KEY (id);


--
-- TOC entry 3276 (class 2606 OID 33309)
-- Name: service_customer_groups service_customer_groups_customer_id_group_id_6d6a0c5e_uniq; Type: CONSTRAINT; Schema: public; Owner: postgres
--

ALTER TABLE ONLY public.service_customer_groups
    ADD CONSTRAINT service_customer_groups_customer_id_group_id_6d6a0c5e_uniq UNIQUE (customer_id, group_id);


--
-- TOC entry 3279 (class 2606 OID 33279)
-- Name: service_customer_groups service_customer_groups_pkey; Type: CONSTRAINT; Schema: public; Owner: postgres
--

ALTER TABLE ONLY public.service_customer_groups
    ADD CONSTRAINT service_customer_groups_pkey PRIMARY KEY (id);


--
-- TOC entry 3262 (class 2606 OID 33267)
-- Name: service_customer service_customer_phone_key; Type: CONSTRAINT; Schema: public; Owner: postgres
--

ALTER TABLE ONLY public.service_customer
    ADD CONSTRAINT service_customer_phone_key UNIQUE (phone);


--
-- TOC entry 3264 (class 2606 OID 33263)
-- Name: service_customer service_customer_pkey; Type: CONSTRAINT; Schema: public; Owner: postgres
--

ALTER TABLE ONLY public.service_customer
    ADD CONSTRAINT service_customer_pkey PRIMARY KEY (id);


--
-- TOC entry 3281 (class 2606 OID 33323)
-- Name: service_customer_user_permissions service_customer_user_pe_customer_id_permission_i_0e3f8b79_uniq; Type: CONSTRAINT; Schema: public; Owner: postgres
--

ALTER TABLE ONLY public.service_customer_user_permissions
    ADD CONSTRAINT service_customer_user_pe_customer_id_permission_i_0e3f8b79_uniq UNIQUE (customer_id, permission_id);


--
-- TOC entry 3285 (class 2606 OID 33285)
-- Name: service_customer_user_permissions service_customer_user_permissions_pkey; Type: CONSTRAINT; Schema: public; Owner: postgres
--

ALTER TABLE ONLY public.service_customer_user_permissions
    ADD CONSTRAINT service_customer_user_permissions_pkey PRIMARY KEY (id);


--
-- TOC entry 3267 (class 2606 OID 33265)
-- Name: service_customer service_customer_username_key; Type: CONSTRAINT; Schema: public; Owner: postgres
--

ALTER TABLE ONLY public.service_customer
    ADD CONSTRAINT service_customer_username_key UNIQUE (username);


--
-- TOC entry 3244 (class 1259 OID 33239)
-- Name: auth_group_name_a6ea08ec_like; Type: INDEX; Schema: public; Owner: postgres
--

CREATE INDEX auth_group_name_a6ea08ec_like ON public.auth_group USING btree (name varchar_pattern_ops);


--
-- TOC entry 3249 (class 1259 OID 33235)
-- Name: auth_group_permissions_group_id_b120cbf9; Type: INDEX; Schema: public; Owner: postgres
--

CREATE INDEX auth_group_permissions_group_id_b120cbf9 ON public.auth_group_permissions USING btree (group_id);


--
-- TOC entry 3252 (class 1259 OID 33236)
-- Name: auth_group_permissions_permission_id_84c5c92e; Type: INDEX; Schema: public; Owner: postgres
--

CREATE INDEX auth_group_permissions_permission_id_84c5c92e ON public.auth_group_permissions USING btree (permission_id);


--
-- TOC entry 3239 (class 1259 OID 33221)
-- Name: auth_permission_content_type_id_2f476e4b; Type: INDEX; Schema: public; Owner: postgres
--

CREATE INDEX auth_permission_content_type_id_2f476e4b ON public.auth_permission USING btree (content_type_id);


--
-- TOC entry 3286 (class 1259 OID 33355)
-- Name: django_admin_log_content_type_id_c4bce8eb; Type: INDEX; Schema: public; Owner: postgres
--

CREATE INDEX django_admin_log_content_type_id_c4bce8eb ON public.django_admin_log USING btree (content_type_id);


--
-- TOC entry 3289 (class 1259 OID 33356)
-- Name: django_admin_log_user_id_c564eba6; Type: INDEX; Schema: public; Owner: postgres
--

CREATE INDEX django_admin_log_user_id_c564eba6 ON public.django_admin_log USING btree (user_id);


--
-- TOC entry 3235 (class 1259 OID 16529)
-- Name: django_session_expire_date_a5c62663; Type: INDEX; Schema: public; Owner: postgres
--

CREATE INDEX django_session_expire_date_a5c62663 ON public.django_session USING btree (expire_date);


--
-- TOC entry 3238 (class 1259 OID 16528)
-- Name: django_session_session_key_c0390e0f_like; Type: INDEX; Schema: public; Owner: postgres
--

CREATE INDEX django_session_session_key_c0390e0f_like ON public.django_session USING btree (session_key varchar_pattern_ops);


--
-- TOC entry 3257 (class 1259 OID 33291)
-- Name: service_book_author_id_07759b6c; Type: INDEX; Schema: public; Owner: postgres
--

CREATE INDEX service_book_author_id_07759b6c ON public.service_book USING btree (author_id);


--
-- TOC entry 3268 (class 1259 OID 33307)
-- Name: service_customer_active_books_book_id_7f197419; Type: INDEX; Schema: public; Owner: postgres
--

CREATE INDEX service_customer_active_books_book_id_7f197419 ON public.service_customer_active_books USING btree (book_id);


--
-- TOC entry 3269 (class 1259 OID 33306)
-- Name: service_customer_active_books_customer_id_0006b41c; Type: INDEX; Schema: public; Owner: postgres
--

CREATE INDEX service_customer_active_books_customer_id_0006b41c ON public.service_customer_active_books USING btree (customer_id);


--
-- TOC entry 3274 (class 1259 OID 33320)
-- Name: service_customer_groups_customer_id_c097a78c; Type: INDEX; Schema: public; Owner: postgres
--

CREATE INDEX service_customer_groups_customer_id_c097a78c ON public.service_customer_groups USING btree (customer_id);


--
-- TOC entry 3277 (class 1259 OID 33321)
-- Name: service_customer_groups_group_id_94506f17; Type: INDEX; Schema: public; Owner: postgres
--

CREATE INDEX service_customer_groups_group_id_94506f17 ON public.service_customer_groups USING btree (group_id);


--
-- TOC entry 3260 (class 1259 OID 33293)
-- Name: service_customer_phone_687dbb28_like; Type: INDEX; Schema: public; Owner: postgres
--

CREATE INDEX service_customer_phone_687dbb28_like ON public.service_customer USING btree (phone varchar_pattern_ops);


--
-- TOC entry 3282 (class 1259 OID 33334)
-- Name: service_customer_user_permissions_customer_id_7fd116e5; Type: INDEX; Schema: public; Owner: postgres
--

CREATE INDEX service_customer_user_permissions_customer_id_7fd116e5 ON public.service_customer_user_permissions USING btree (customer_id);


--
-- TOC entry 3283 (class 1259 OID 33335)
-- Name: service_customer_user_permissions_permission_id_81e96cfd; Type: INDEX; Schema: public; Owner: postgres
--

CREATE INDEX service_customer_user_permissions_permission_id_81e96cfd ON public.service_customer_user_permissions USING btree (permission_id);


--
-- TOC entry 3265 (class 1259 OID 33292)
-- Name: service_customer_username_9af9358c_like; Type: INDEX; Schema: public; Owner: postgres
--

CREATE INDEX service_customer_username_9af9358c_like ON public.service_customer USING btree (username varchar_pattern_ops);


--
-- TOC entry 3292 (class 2606 OID 33230)
-- Name: auth_group_permissions auth_group_permissio_permission_id_84c5c92e_fk_auth_perm; Type: FK CONSTRAINT; Schema: public; Owner: postgres
--

ALTER TABLE ONLY public.auth_group_permissions
    ADD CONSTRAINT auth_group_permissio_permission_id_84c5c92e_fk_auth_perm FOREIGN KEY (permission_id) REFERENCES public.auth_permission(id) DEFERRABLE INITIALLY DEFERRED;


--
-- TOC entry 3291 (class 2606 OID 33225)
-- Name: auth_group_permissions auth_group_permissions_group_id_b120cbf9_fk_auth_group_id; Type: FK CONSTRAINT; Schema: public; Owner: postgres
--

ALTER TABLE ONLY public.auth_group_permissions
    ADD CONSTRAINT auth_group_permissions_group_id_b120cbf9_fk_auth_group_id FOREIGN KEY (group_id) REFERENCES public.auth_group(id) DEFERRABLE INITIALLY DEFERRED;


--
-- TOC entry 3290 (class 2606 OID 33216)
-- Name: auth_permission auth_permission_content_type_id_2f476e4b_fk_django_co; Type: FK CONSTRAINT; Schema: public; Owner: postgres
--

ALTER TABLE ONLY public.auth_permission
    ADD CONSTRAINT auth_permission_content_type_id_2f476e4b_fk_django_co FOREIGN KEY (content_type_id) REFERENCES public.django_content_type(id) DEFERRABLE INITIALLY DEFERRED;


--
-- TOC entry 3300 (class 2606 OID 33345)
-- Name: django_admin_log django_admin_log_content_type_id_c4bce8eb_fk_django_co; Type: FK CONSTRAINT; Schema: public; Owner: postgres
--

ALTER TABLE ONLY public.django_admin_log
    ADD CONSTRAINT django_admin_log_content_type_id_c4bce8eb_fk_django_co FOREIGN KEY (content_type_id) REFERENCES public.django_content_type(id) DEFERRABLE INITIALLY DEFERRED;


--
-- TOC entry 3301 (class 2606 OID 33350)
-- Name: django_admin_log django_admin_log_user_id_c564eba6_fk_service_customer_id; Type: FK CONSTRAINT; Schema: public; Owner: postgres
--

ALTER TABLE ONLY public.django_admin_log
    ADD CONSTRAINT django_admin_log_user_id_c564eba6_fk_service_customer_id FOREIGN KEY (user_id) REFERENCES public.service_customer(id) DEFERRABLE INITIALLY DEFERRED;


--
-- TOC entry 3293 (class 2606 OID 33286)
-- Name: service_book service_book_author_id_07759b6c_fk_service_author_id; Type: FK CONSTRAINT; Schema: public; Owner: postgres
--

ALTER TABLE ONLY public.service_book
    ADD CONSTRAINT service_book_author_id_07759b6c_fk_service_author_id FOREIGN KEY (author_id) REFERENCES public.service_author(id) DEFERRABLE INITIALLY DEFERRED;


--
-- TOC entry 3295 (class 2606 OID 33301)
-- Name: service_customer_active_books service_customer_act_book_id_7f197419_fk_service_b; Type: FK CONSTRAINT; Schema: public; Owner: postgres
--

ALTER TABLE ONLY public.service_customer_active_books
    ADD CONSTRAINT service_customer_act_book_id_7f197419_fk_service_b FOREIGN KEY (book_id) REFERENCES public.service_book(id) DEFERRABLE INITIALLY DEFERRED;


--
-- TOC entry 3294 (class 2606 OID 33296)
-- Name: service_customer_active_books service_customer_act_customer_id_0006b41c_fk_service_c; Type: FK CONSTRAINT; Schema: public; Owner: postgres
--

ALTER TABLE ONLY public.service_customer_active_books
    ADD CONSTRAINT service_customer_act_customer_id_0006b41c_fk_service_c FOREIGN KEY (customer_id) REFERENCES public.service_customer(id) DEFERRABLE INITIALLY DEFERRED;


--
-- TOC entry 3296 (class 2606 OID 33310)
-- Name: service_customer_groups service_customer_gro_customer_id_c097a78c_fk_service_c; Type: FK CONSTRAINT; Schema: public; Owner: postgres
--

ALTER TABLE ONLY public.service_customer_groups
    ADD CONSTRAINT service_customer_gro_customer_id_c097a78c_fk_service_c FOREIGN KEY (customer_id) REFERENCES public.service_customer(id) DEFERRABLE INITIALLY DEFERRED;


--
-- TOC entry 3297 (class 2606 OID 33315)
-- Name: service_customer_groups service_customer_groups_group_id_94506f17_fk_auth_group_id; Type: FK CONSTRAINT; Schema: public; Owner: postgres
--

ALTER TABLE ONLY public.service_customer_groups
    ADD CONSTRAINT service_customer_groups_group_id_94506f17_fk_auth_group_id FOREIGN KEY (group_id) REFERENCES public.auth_group(id) DEFERRABLE INITIALLY DEFERRED;


--
-- TOC entry 3298 (class 2606 OID 33324)
-- Name: service_customer_user_permissions service_customer_use_customer_id_7fd116e5_fk_service_c; Type: FK CONSTRAINT; Schema: public; Owner: postgres
--

ALTER TABLE ONLY public.service_customer_user_permissions
    ADD CONSTRAINT service_customer_use_customer_id_7fd116e5_fk_service_c FOREIGN KEY (customer_id) REFERENCES public.service_customer(id) DEFERRABLE INITIALLY DEFERRED;


--
-- TOC entry 3299 (class 2606 OID 33329)
-- Name: service_customer_user_permissions service_customer_use_permission_id_81e96cfd_fk_auth_perm; Type: FK CONSTRAINT; Schema: public; Owner: postgres
--

ALTER TABLE ONLY public.service_customer_user_permissions
    ADD CONSTRAINT service_customer_use_permission_id_81e96cfd_fk_auth_perm FOREIGN KEY (permission_id) REFERENCES public.auth_permission(id) DEFERRABLE INITIALLY DEFERRED;


-- Completed on 2023-03-14 20:40:55

--
-- PostgreSQL database dump complete
--

